http://img0.liveinternet.ru/images/attach/c/4/80/197/80197900_027.png;0.46;Comment 1
http://get-wallpapers.ru/img/picture/Apr/19/047469e5c992478dd561283c7449b011/1.jpg;0.33;Comment 2
http://fotohomka.ru/images/Nov/22/ff84efb97d5b61a7202efb10500bf546/mini_3.jpg;0.21;Comment 3
https://img-fotki.yandex.ru/get/16159/130884706.176/0_f2829_cac6cd29_L.png;0.99;Comment 4
http://mamaschool.ru/wp-content/uploads/2013/05/tiger.jpg;0.88;Comment 5
https://encrypted-tbn3.gstatic.com/images?q=tbn:ANd9GcSY_SobfrgfJzDdHe6fBjnuOpU8r25uvY-JJ2t6-elYjf57G4-Xpw;0.86;Comment 6
http://raskraska.ucoz.ru/_nw/12/26478172.jpg;0.95;Comment 7
http://naydisebya.ru/wp-content/uploads/gallery/jivotnie-kartinki/1232057860_riryerssryerisryir.jpg;0.91;Comment 8
http://sait-zaika.ru/images/images_content/raskraski/raskraski_dlya_2-3_let/2.jpg;0.01;Comment 9
http://21vu.ru/sites/default/files/_ld/9/83323865.jpg;0.32;Comment 10
http://raskraski.lesyadraw.ru/wp-content/uploads/2013/08/raskraska_transport_dlya_detey2-150x200.jpg;0.46;Comment 11
http://sait-zaika.ru/images/images_content/raskraski/raskraski_dlya_2-3_let/3.jpg;0.53;Comment 12
http://www.iz-bumagi-svoimi-rukami.ru/wp-content/uploads/2016/04/Raskraski-zhivotnyh-37.jpg;0.28;Comment 13
http://dreempics.com/img/picture/Jan/20/79aeafb7d613e3771c15461bd8b6b741/2.jpg;0.14;Comment 14
http://kladraz.ru/images/photos/0428be7495f8f382d0943cdd4738ffbb.jpg;0.5;Comment 15
http://www.raskraska.com/catalog0001/mini_241.gif?v2;0.77;Comment 16
